Article ID,Credibility Indicator ID,Credibilty Indicator Category,Credibility Indicator Name,Points,Indices of Label in Article,Start,End,target_text
d7a866ba4b0104b93dc030d98d2416a336e37ef90f6c073c339e05cd47d19e24,L0,Language,Exaggeration,-2.1620648128589544,"[546, 547, 548, 549, 550, 551, 552]",546,552,nan
d7a866ba4b0104b93dc030d98d2416a336e37ef90f6c073c339e05cd47d19e24,L0,Language,Exaggeration,0,"[728, 729, 730, 731, 732, 733, 734, 735, 736, 737, 738, 739, 740, 741, 742, 743]",728,744,nan
d7a866ba4b0104b93dc030d98d2416a336e37ef90f6c073c339e05cd47d19e24,L0,Language,Inappropriately emotional,-3.0,"[536, 537, 538, 539, 540, 541, 542, 543, 544, 545, 546, 547, 548, 549, 550, 551, 552, 553, 554, 555, 556, 557, 558, 559, 560, 561, 562, 563, 564, 565, 566, 567, 568, 569, 570, 571, 572, 573, 574, 575, 576, 577, 578, 579, 580, 581, 582, 583, 584, 585, 586]",536,586,nan
d7a866ba4b0104b93dc030d98d2416a336e37ef90f6c073c339e05cd47d19e24,L0,Language,Inappropriately emotional,0,"[728, 729, 730, 731, 732, 733, 734, 735, 736, 737, 738, 739, 740, 741, 742, 743]",728,744,nan
d7a866ba4b0104b93dc030d98d2416a336e37ef90f6c073c339e05cd47d19e24,L0,Language,Inappropriate slang,-0.21620648128589545,"[1059, 1060, 1061, 1062, 1063, 1064, 1065, 1066, 1067, 1068, 1069, 1070, 1071, 1072, 1073, 1074, 1075, 1076, 1077, 1078, 1079, 1080, 1081, 1082, 1083, 1084, 1085, 1086, 1087, 1088, 1089, 1090, 1091, 1092, 1093, 1094, 1095, 1096, 1097, 1098, 1099, 1100, 1101, 1102, 1103, 1104, 1105, 1106, 1107, 1108, 1109, 1110, 1111, 1112, 1113, 1114, 1115, 1116, 1117]",1059,1118,nan
d7a866ba4b0104b93dc030d98d2416a336e37ef90f6c073c339e05cd47d19e24,L0,Language,Denigration,-0.25,"[1059, 1060, 1061, 1062, 1063, 1064, 1065, 1066, 1067, 1068, 1069, 1070, 1071, 1072, 1073, 1074, 1075, 1076, 1077, 1078, 1079, 1080, 1081, 1082, 1083, 1084, 1085, 1086, 1087, 1088, 1089, 1090, 1091, 1092, 1093, 1094, 1095, 1096, 1097, 1098, 1099, 1100, 1101, 1102, 1103, 1104, 1105, 1106, 1107, 1108, 1109, 1110, 1111, 1112, 1113, 1114, 1115, 1116, 1117]",1059,1118,nan
d7a866ba4b0104b93dc030d98d2416a336e37ef90f6c073c339e05cd47d19e24,L0,Language,Well-balanced,0.0,[],-1,-1,nan
d7a866ba4b0104b93dc030d98d2416a336e37ef90f6c073c339e05cd47d19e24,L0,Language,Well-balanced,0.0,[],-1,-1,nan
,,,,,,,,
