Article ID,Credibility Indicator ID,Credibilty Indicator Category,Credibility Indicator Name,Points,Indices of Label in Article,Start,End,target_text
3b9c291d9345c8221a497206a766483bf78df474550f0c50c58df9ad4c20ff75,L0,Language,Well-balanced,0.4824520928308366,[],-1,-1,nan
3b9c291d9345c8221a497206a766483bf78df474550f0c50c58df9ad4c20ff75,L0,Language,Well-balanced,0.4075060212390804,[],-1,-1,nan
3b9c291d9345c8221a497206a766483bf78df474550f0c50c58df9ad4c20ff75,L0,Language,Well-balanced,0.4824520928308366,[],-1,-1,nan
3b9c291d9345c8221a497206a766483bf78df474550f0c50c58df9ad4c20ff75,L0,Language,Well-balanced,0.4075060212390804,[],-1,-1,nan
,,,,,,,,
