Article ID,Credibility Indicator ID,Credibilty Indicator Category,Credibility Indicator Name,Points,Indices of Label in Article,Start,End,target_text
ea908e535280e57805f9f5f093d5694d37623279c3cd90ee46dff92144237ad7,L0,Language,Well-balanced,0.5,[],-1,-1,nan
ea908e535280e57805f9f5f093d5694d37623279c3cd90ee46dff92144237ad7,L0,Language,Well-balanced,0.5,[],-1,-1,nan
ea908e535280e57805f9f5f093d5694d37623279c3cd90ee46dff92144237ad7,O0,Overall,Good Title,1.1083713057234186,"[62, 63, 64, 65]",62,66,Fishy
ea908e535280e57805f9f5f093d5694d37623279c3cd90ee46dff92144237ad7,O0,Overall,Celebrity Gossip,-3.929855326611136,"[7, 8, 9, 10, 11, 12, 13, 14, 15, 16, 17, 18, 19, 20, 21, 22, 23, 24, 25, 26, 27, 28, 29, 30, 31, 32, 33, 34, 35, 36, 37, 38, 39, 40, 41, 42, 43, 44, 45, 46, 47, 48, 49, 50, 51, 52, 53, 54, 55, 56, 57, 58, 59, 60, 61, 62, 63, 64, 65, 66]",7,66,Doctor Tells CNN Trump’s Walter Reed Medical Visit Was Fishy//regarding Mr. Trump’s physical health
ea908e535280e57805f9f5f093d5694d37623279c3cd90ee46dff92144237ad7,O0,Overall,Celebrity Gossip,0,"[157, 158, 159, 160, 161, 162, 163, 164, 165, 166, 167, 168, 169, 170, 171, 172, 173, 174, 175, 176, 177, 178, 179, 180, 181, 182, 183, 184, 185, 186, 187, 188, 189, 190, 191, 192]",157,193,Doctor Tells CNN Trump’s Walter Reed Medical Visit Was Fishy//regarding Mr. Trump’s physical health
,,,,,,,,
