Article ID,Credibility Indicator ID,Credibilty Indicator Category,Credibility Indicator Name,Points,Indices of Label in Article,Start,End,target_text
3b9c291d9345c8221a497206a766483bf78df474550f0c50c58df9ad4c20ff75,L0,Language,Well-balanced,0.4854268271702418,[],-1,-1,nan
3b9c291d9345c8221a497206a766483bf78df474550f0c50c58df9ad4c20ff75,L0,Language,Well-balanced,0.403677461028802,[],-1,-1,nan
3b9c291d9345c8221a497206a766483bf78df474550f0c50c58df9ad4c20ff75,L0,Language,Metaphor unhelpful,-3.0,"[590, 591, 592, 593, 594, 595, 596, 597, 598, 599, 600, 601, 602, 603, 604, 605, 606, 607, 608, 609, 610, 611]",590,611,nan
3b9c291d9345c8221a497206a766483bf78df474550f0c50c58df9ad4c20ff75,L0,Language,Metaphor unhelpful,0,"[2750, 2751, 2752, 2753, 2754, 2755, 2756, 2757, 2758, 2759, 2760, 2761, 2762, 2763, 2764, 2765, 2766]",2750,2766,nan
3b9c291d9345c8221a497206a766483bf78df474550f0c50c58df9ad4c20ff75,L0,Language,Metaphor unhelpful,0,"[4496, 4497, 4498, 4499, 4500, 4501, 4502, 4503, 4504, 4505, 4506, 4507, 4508, 4509, 4510, 4511, 4512, 4513, 4514]",4496,4515,nan
3b9c291d9345c8221a497206a766483bf78df474550f0c50c58df9ad4c20ff75,L0,Language,Exaggeration,-1.25,[],-1,-1,nan
3b9c291d9345c8221a497206a766483bf78df474550f0c50c58df9ad4c20ff75,L0,Language,Other problematic tone,-2.5,[],-1,-1,nan
,,,,,,,,
