,article_num,article_sha256,task_uuid,schema_namespace,question_Number,question_type,agreed_Answer,coding_perc_agreement,one_two_diff,highlighted_indices,alpha_unitizing_score,alpha_unitizing_score_inclusive,agreement_score,odds_by_chance,binary_odds_by_chance,num_users,num_answer_choices,target_text,question_text,answer_content,prereq_passed
4,100004,2bfaa604a990c02dc2524689f6c1f067431344bb8dd6d209275c396c7017a1e0,26b7fd1a-1be1-4150-bab7-98931839d974,Argument relevance,1,ordinal,1,0.9057883220162936,0.9057883220162936,"[1035, 1036, 1037, 1038, 1039, 1040, 1041, 1042, 1043, 1044, 1045, 1046, 1047, 1048, 1049, 1050, 1051, 1052, 1053, 1054, 1055, 1056, 1057, 1058, 1059, 1060, 1061, 1062, 1063, 1064, 1065, 1066, 1067, 1068, 1069, 1070, 1071, 1072, 1073, 1074, 1075, 1076, 1077, 1078, 1079, 1080, 1081, 1082, 1083, 1084, 1085, 1086, 1087, 1088, 1089, 1090, 1091, 1092, 1093, 1094, 1095, 1096, 1097, 1098, 1099, 1100, 1101, 1102, 1103, 1104, 1105, 1106, 1107, 1108, 1109, 1110, 1111, 1112, 1113, 1114, 1115, 1116, 1117, 1118, 1119, 1120, 1121, 1122, 1123, 1124, 1125, 1126, 1127, 1128, 1129, 1130, 1131, 1132, 1133, 1134, 1135, 1136, 1137, 1138, 1139, 1140, 1141, 1142, 1143, 1144, 1145, 1146, 1147, 1148, 1149, 1150, 1151, 1152, 1153, 1154, 1155, 1156, 1157, 1158, 1159, 1160, 1161, 1162, 1163, 1164, 1165, 1166, 1167, 1168, 1169, 1170, 1171, 1172, 1173, 1174, 1175, 1176, 1177, 1178, 1179]",0.7345654524752683,0.7345654524752683,0.8201768872457809,0.5,0.5,4,6,Trump has basically declared that we will no longer be the piggy bank of the world. We are free traders. All we seek is free and reciprocal trade,How important is the argument in bolded text to the overall article?,It is the main argument of the entire article,True
