,article_num,article_sha256,task_uuid,schema_namespace,question_Number,question_type,agreed_Answer,coding_perc_agreement,one_two_diff,highlighted_indices,alpha_unitizing_score,alpha_unitizing_score_inclusive,agreement_score,odds_by_chance,binary_odds_by_chance,num_users,num_answer_choices,target_text,question_text,answer_content,prereq_passed
10,100001,d75045768087d2dc0161022e64d3dd2f2387947560e95781fd23e75780833972,609641ec-9a44-49ef-b4b6-54d5e5ad6c8a,Argument relevance,1,ordinal,1,0.8883835593912472,0.8883835593912472,"[291, 292, 293, 294, 295, 296, 297, 298, 299, 300, 301, 302, 303, 304, 305, 306, 307, 308, 309, 310, 311, 312, 313, 314, 315, 316, 317, 318, 319, 320, 321, 322, 323, 324, 325, 326, 327, 328, 329, 330, 331, 332, 333, 334, 335, 336, 337, 338, 339, 340, 341, 342, 343, 344, 345, 346, 347, 348, 349, 350, 351, 352, 353, 354, 355, 356, 357, 358, 359, 360, 361, 362, 363, 364, 365, 366, 367, 368, 369, 370, 371, 372, 373, 374, 375, 376, 377, 378, 379, 380, 381, 382, 383, 384, 385, 386, 387, 388, 389, 390, 391, 392, 393, 394, 395, 396, 397, 398, 399, 400, 401, 402, 403, 404, 405, 406, 407, 408, 409, 410, 411, 412, 413, 414, 415, 416, 417, 418, 419, 420, 421, 422, 423, 424, 425, 426, 427, 428, 429, 430, 431, 432, 433, 434, 435, 436, 437, 438, 439, 440, 441, 442, 443, 444, 445, 446, 447, 448, 449, 450, 451, 452, 453, 454, 455, 456, 457, 458, 459, 460, 461, 462, 463, 464, 465, 466, 467, 468, 469, 470, 471, 472, 473, 474, 475, 476, 477, 478, 479, 480, 481, 482]",1.0,1.0,0.9441917796956236,0.5,0.5,3,6,"He’s been a cult-like, very popular figure the way that he’s run the campaign, but you don’t vote on cult, you don’t vote on personality when you get to the U.S. Senate. You vote on the issues",How important is the argument in bolded text to the overall article?,It is the main argument of the entire article,True
