,Users,Score,Questions,Influence
0,1,9.889546062851633,31.0,1.7448744805616552
1,2,9.889546062851633,31.0,1.7448744805616552
2,3,9.889546062851633,31.0,1.7448744805616552
3,4,9.889546062851633,31.0,1.7448744805616552
4,5,9.889546062851633,31.0,1.7448744805616552
5,5,9.889546062851633,31.0,1.7448744805616552
