,Users,Score,Questions,Influence
0,1,8.098243946672428,301.0,1.3224557155611352
1,2,8.200241794870674,283.0,1.3540657336925523
2,3,8.209223942876863,281.0,1.3568123105231504
3,4,8.166596171244285,280.0,1.3437233867534506
4,5,5.942556720398531,272.0,0.6029809902732539
