,Users,Score,Questions,Influence
0,1,7.601987633296172,491.0,1.1593265914012636
1,2,7.589767674029384,491.0,1.1551553597818751
2,3,7.7241872259641875,491.0,1.20070355276873
3,4,7.57347439500697,491.0,1.1495851248779654
4,5,7.7649204235202065,491.0,1.214345928046749
