,Users,Score,Questions,Influence
0,1,8.246433481208474,189.0,1.3681243768553737
1,2,8.257015491790476,189.0,1.3713217970310254
2,3,8.108867343642332,189.0,1.3257832908741298
3,4,8.278179512954495,189.0,1.3776902389367027
4,5,5.653840888615868,189.0,0.5214085165086412
