,Users,Score,Questions,Influence
0,1,8.155999632389792,196.0,1.3404486161725595
1,2,8.17640779565512,196.0,1.3467481524047706
2,3,8.033550652797967,196.0,1.3020216914193503
3,4,8.013142489532642,196.0,1.2955164619212063
4,5,5.727428203818361,196.0,0.5415080816518191
