,Users,Score,Questions,Influence
0,1,9.16342599815717,28.0,1.6089174566739801
1,2,8.806283141014305,28.0,1.524261943349644
2,3,9.877711712442887,28.0,1.7430249135761782
3,4,5.5919974267285975,28.0,0.5048947846041699
4,5,6.3062831410143065,28.0,0.7152892808225146
