,Users,Score,Questions,Influence
0,f9c04b64-a008-41c0-a832-a02b9975c57c,0.821982050172811,8.0,0.023674114162961595
1,f7a7b494-ea99-4873-b3c3-b62f92eb6ce3,0.821982050172811,8.0,0.023674114162961595
2,c37ed572-0042-460d-a585-7280158e1687,1.0957803654345852,6.0,0.028603912252861723
3,1473cead-bad2-4e31-9020-784f544ad839,0.7306567557870663,9.0,0.02222433412185951
