,Users,Score,Questions,Influence
0,1,8.039029211339404,66.0,1.303763267801741
1,2,8.008726181036373,66.0,1.2941050970305321
2,3,7.887514059824257,66.0,1.2548846245179652
3,4,7.978423150733338,66.0,1.2843864866000954
4,5,6.523877696187893,66.0,0.7866840622669311
