,Users,Score,Questions,Influence
0,1,3.2572428432977922,45.0,0.12361504938390365
1,2,3.2572428432977922,45.0,0.12361504938390365
2,3,3.2572428432977922,45.0,0.12361504938390365
3,4,3.2572428432977922,45.0,0.12361504938390365
4,5,3.2572428432977922,45.0,0.12361504938390365
5,5,3.2572428432977922,45.0,0.12361504938390365
