,Schema,Question_Number,Question_Number_V2,Question_Type,Answer_Number,Point_Recommendation,Label,Unnamed: 0,article_num,article_sha256,task_uuid,schema_namespace,question_type,agreed_Answer,coding_perc_agreement,one_two_diff,highlighted_indices,alpha_unitizing_score,alpha_unitizing_score_inclusive,agreement_score,odds_by_chance,binary_odds_by_chance,num_users,num_answer_choices,target_text,question_text,answer_content,prereq_passed,Points,schema
0,Probability,2,,ordinal,3,-1.0,Inappropriate confidence,1,1712,38428e24cdfa0392f3f5e1efda3253ffab6d7ed3051b1dee9f209f871ca91e2c,5e6be628-7355-4fc3-91be-da7710171cc2,Probability,ordinal,3,0.8390359525563189,0.8390359525563189,[],nan,nan,0.8390359525563189,0.5,0.5,4,5,nan,To what extent does the confidence (or lack thereof) seem justified?,Somewhat justified,True,-0.8390359525563189,Probability
2,Probability,5,,ordinal,1,-2.0,False precision,4,1712,38428e24cdfa0392f3f5e1efda3253ffab6d7ed3051b1dee9f209f871ca91e2c,5e6be628-7355-4fc3-91be-da7710171cc2,Probability,ordinal,1,0.8020924636173948,0.8020924636173948,"[2695, 2696, 2697, 2698, 2699, 2700, 2701, 2702, 2703, 2704, 2705, 2706, 2707, 2708, 2709, 2710, 2711, 2712, 2713, 2714, 2715, 2716, 2717, 2718, 2719, 2720, 2721, 2722, 2723, 2724, 2725, 2726, 2727, 2728, 2729, 2730, 2731, 2732, 2733, 2734, 2735, 2736, 2737, 2738, 2739, 2740, 2741, 2742, 2743, 2744, 2745, 2746, 2747, 2748, 2749, 2750, 2751, 2752, 2753, 2754, 2755, 2756, 2757, 2758, 2759, 2760, 2761, 2762, 2763, 2764, 2765, 2766, 2767, 2768, 2769, 2770, 2771, 2772, 2773, 2774, 2775, 2776, 2777, 2778, 2779, 2780, 2781, 2782, 2783, 2784, 2785, 2786, 2787, 2788, 2789, 2790, 2791, 2792, 2793, 2794, 2795, 2796, 2797, 2798, 2799, 2800, 2801, 2802, 2803, 2804, 2805, 2806, 2807, 2808, 2809, 2810, 2811, 2812, 2813, 2814, 2815, 2816, 2817, 2818, 2819, 2820, 2821, 2822, 2823, 2824, 2825]",0.9814738104584765,0.9814738104584765,0.8917831370379357,0.5,0.5,4,3,"48 patients prescribed a new opioid in the emergency department who might not otherwise use opioids, 1 will become a long-term user","Does the text present any numbers with more precision than is justified? (e.g., an exact number as if it was definitely exactly right, when it can only be an estimate.)",Yes,True,-1.7835662740758713,Probability
