Article ID,Credibility Indicator ID,Credibilty Indicator Category,Credibility Indicator Name,Points,Indices of Label in Article,Start,End,target_text
raw_3068c644ee4676eeca87052755ec73bde24a957e12dc1d1fcba93795f08063520d,L0,Language,Inappropriate slang,-0.21199922663873752,"[2311, 2312, 2313, 2314, 2315, 2316, 2317, 2318, 2319, 2320, 2321, 2322, 2323, 2324, 2325]",2311,2326,nan
raw_3068c644ee4676eeca87052755ec73bde24a957e12dc1d1fcba93795f08063520d,L0,Language,Denigration,-0.4036774610288021,"[2311, 2312, 2313, 2314, 2315, 2316, 2317, 2318, 2319, 2320, 2321, 2322, 2323, 2324, 2325]",2311,2326,nan
,,,,,,,,
