Article ID,Credibility Indicator ID,Credibilty Indicator Category,Credibility Indicator Name,Points,Indices of Label in Article,Start,End,target_text
raw_70ae31e85165a70dd348fc92519e2636f96614c884c24fa490e0c729d3dbe62867,L0,Language,Inappropriately emotional,-3.8917166631461177,"[3896, 3897, 3898, 3899, 3900, 3901]",3896,3902,nan
raw_70ae31e85165a70dd348fc92519e2636f96614c884c24fa490e0c729d3dbe62867,L0,Language,Inappropriate slang,-0.25,"[210, 211, 212, 213, 214, 215, 216, 217, 218]",210,219,nan
raw_70ae31e85165a70dd348fc92519e2636f96614c884c24fa490e0c729d3dbe62867,L0,Language,Denigration,-0.25,"[210, 211, 212, 213, 214, 215, 216, 217, 218]",210,219,nan
raw_70ae31e85165a70dd348fc92519e2636f96614c884c24fa490e0c729d3dbe62867,L0,Language,Well-balanced,0.8286346099994961,[],-1,-1,nan
raw_70ae31e85165a70dd348fc92519e2636f96614c884c24fa490e0c729d3dbe62867,O0,Overall,Low Information,-11.156963890935886,[],-1,-1,nan
,,,,,,,,
