Article ID,Credibility Indicator ID,Credibilty Indicator Category,Credibility Indicator Name,Points,Indices of Label in Article,Start,End,target_text
4c3b112770659ce6b8ac1363730d5843907463a9f5535277b674a6ad19e87364,L0,Language,Well-balanced,0.0,[],-1,-1,nan
4c3b112770659ce6b8ac1363730d5843907463a9f5535277b674a6ad19e87364,L0,Language,Well-balanced,0.0,[],-1,-1,nan
4c3b112770659ce6b8ac1363730d5843907463a9f5535277b674a6ad19e87364,L0,Language,Well-balanced,0.0,[],-1,-1,nan
4c3b112770659ce6b8ac1363730d5843907463a9f5535277b674a6ad19e87364,L0,Language,Well-balanced,0.0,[],-1,-1,nan
4c3b112770659ce6b8ac1363730d5843907463a9f5535277b674a6ad19e87364,L0,Language,Well-balanced,0.8150120424781608,[],-1,-1,nan
4c3b112770659ce6b8ac1363730d5843907463a9f5535277b674a6ad19e87364,L0,Language,Well-balanced,0.8150120424781608,[],-1,-1,nan
,,,,,,,,
