Article ID,Credibility Indicator ID ,Credibilty Indicator Category,Credibility Indicator Name,Points,Indices of Label in Article,Start,End,target_text
1712,E0,Evidence,Alternative explanation,-0.610051862786448,[],-1,-1,
1712,E1,Evidence,Alternative explanation,-0.6854769611161382,[],-1,-1,
1712,E2,Evidence,Statistical uncertainty,-1.8582495053155808,"[2954, 2955, 2956, 2957, 2958, 2959, 2960, 2961, 2962, 2963, 2964, 2965, 2966, 2967, 2968, 2969, 2970, 2971, 2972, 2973, 2974, 2975, 2976, 2977, 2978, 2979, 2980, 2981, 2982, 2983, 2984, 2985, 2986, 2987, 2988, 2989, 2990, 2991, 2992, 2993, 2994, 2995, 2996, 2997, 2998, 2999, 3000, 3001, 3002, 3003, 3004, 3005, 3006, 3007, 3008, 3009, 3010, 3011, 3012, 3013, 3014, 3015, 3016]",2954,3016,
1712,E3,Evidence,Statistical uncertainty,-0.8386413429790733,[],-1,-1,
1712,E4,Evidence,Statistical uncertainty,-0.6742533646538111,"[4817, 4818, 4819, 4820, 4821, 4822, 4823, 4824, 4825, 4826, 4827, 4828, 4829, 4830, 4831, 4832, 4833, 4834, 4835, 4836, 4837, 4838, 4839, 4840, 4841, 4842, 4843, 4844, 4845, 4846, 4847, 4848, 4849, 4850, 4851, 4852, 4853, 4854, 4855, 4856, 4857, 4858, 4859, 4860, 4861, 4862, 4863, 4864, 4865, 4866, 4867, 4868, 4869, 4870, 4871, 4872]",4817,4872,30 percent more likely to become long-term users of painkillers
