Article ID,Credibility Indicator ID,Credibilty Indicator Category,Credibility Indicator Name,Points,Indices of Label in Article,Start,End,target_text
raw_5068c644ee4676eeca87052755ec73bde24a957e12dc1d1fcba93795f08063520d,L0,Language,Inappropriate slang,-0.21199922663873752,"[2311, 2312, 2313, 2314, 2315, 2316, 2317, 2318, 2319, 2320, 2321, 2322, 2323, 2324, 2325]",2311,2326,nan
raw_5068c644ee4676eeca87052755ec73bde24a957e12dc1d1fcba93795f08063520d,L0,Language,Denigration,-0.4036774610288021,"[2311, 2312, 2313, 2314, 2315, 2316, 2317, 2318, 2319, 2320, 2321, 2322, 2323, 2324, 2325]",2311,2326,nan
raw_5068c644ee4676eeca87052755ec73bde24a957e12dc1d1fcba93795f08063520d,R0,Reasoning,False Dilemma,-5.0,"[2898, 2899, 2900, 2901, 2902, 2903, 2904, 2905, 2906, 2907, 2908, 2909, 2910, 2911, 2912, 2913, 2914, 2915, 2916, 2917, 2918, 2919, 2920, 2921, 2922, 2923, 2924, 2925, 2926, 2927, 2928, 2929, 2930, 2931, 2932, 2933, 2934, 2935, 2936, 2937, 2938, 2939, 2940, 2941, 2942, 2943, 2944, 2945, 2946, 2947, 2948, 2949, 2950, 2951, 2952, 2953, 2954, 2955, 2956, 2957, 2958, 2959, 2960, 2961, 2962, 2963, 2964, 2965, 2966, 2967, 2968, 2969, 2970, 2971, 2972]",2898,2973,"If he doesn't know their identity, how will he prevent them from being named"
,,,,,,,,
