Article ID,Credibility Indicator ID,Credibilty Indicator Category,Credibility Indicator Name,Points,Indices of Label in Article,Start,End,target_text
raw_50dffe5d7618e02096848897a44be4304eeef2fc09af7e33852dd71113a6c61bf2,L0,Language,Inappropriately emotional,-2.5439907196648504,"[2675, 2676, 2677, 2678, 2679, 2680, 2681, 2682, 2683, 2684, 2685]",2675,2686,nan
raw_50dffe5d7618e02096848897a44be4304eeef2fc09af7e33852dd71113a6c61bf2,L0,Language,Inappropriate slang,-0.4324129625717909,"[2374, 2375, 2376, 2377, 2378, 2379, 2380, 2381, 2382]",2374,2383,nan
raw_50dffe5d7618e02096848897a44be4304eeef2fc09af7e33852dd71113a6c61bf2,L0,Language,Inappropriate slang,-0.3926906350375459,"[2386, 2387, 2388]",2386,2388,nan
raw_50dffe5d7618e02096848897a44be4304eeef2fc09af7e33852dd71113a6c61bf2,L0,Language,Inappropriate slang,0,"[2540, 2541]",2540,2542,nan
raw_50dffe5d7618e02096848897a44be4304eeef2fc09af7e33852dd71113a6c61bf2,L0,Language,Denigration,-0.20715865249987409,"[2386, 2387, 2388]",2386,2388,nan
raw_50dffe5d7618e02096848897a44be4304eeef2fc09af7e33852dd71113a6c61bf2,L0,Language,Denigration,0,"[2540, 2541]",2540,2542,nan
raw_50dffe5d7618e02096848897a44be4304eeef2fc09af7e33852dd71113a6c61bf2,L0,Language,Denigration,-0.25,"[2374, 2375, 2376, 2377, 2378, 2379, 2380, 2381, 2382]",2374,2383,nan
raw_50dffe5d7618e02096848897a44be4304eeef2fc09af7e33852dd71113a6c61bf2,O0,Overall,Low Information,-4.380810710301228,[],-1,-1,nan
,,,,,,,,
